lon,lat
5.278792,46.192047
5.039843,46.321923
5.3685605,46.2846752
5.55344,46.171344
5.7338782,46.2285201
5.570781,46.1853369
5.521962,46.180302
5.05352,45.894788
5.389349,46.028851
5.222159,45.919779
5.664208,45.882222
5.696241,45.718657
6.014,46.279461
5.682851,45.815806
5.778145,46.022107
5.676598,45.677984
5.453232,45.807075
5.8292266,45.9484438
5.97991,46.236466
6.0851112,46.2824228
4.754476,46.001135
4.764139,46.048409
4.954543,45.824508
4.9325279,45.814721
4.732226,45.945416
4.990625,45.947997
4.836975,46.021318
5.268752,45.988304
3.753154,49.465623
3.540263,49.527585
3.482053,49.601222
3.515242,49.60393
4.10967,49.761547
3.847943,49.496725
3.853559,49.667198
3.991453,49.662492
3.849936,49.426902
4.076267,49.648646
3.8043,49.609751
3.55387,49.538325
4.015263,49.69513
3.744197,49.487828
4.074363,49.719949
8.8417888,41.9398822
8.8914256,41.9803128
8.9844139,42.140272
9.3728585,42.6792188
9.363045,42.8745059
9.4450439,42.8716918
9.378409,42.9930032
9.3617587,42.7286012
9.4065527,42.8971968
9.378409,42.935134
9.326341,42.578049
9.3839598,42.8042317
9.3728585,42.7664317
9.369554,42.706531
9.428048,42.841035
9.4283801,42.9744145
9.4505993,42.9436379
9.382399,42.536855
9.4283801,42.7134168
3.379661,49.742714
3.130076,49.749614
3.253993,50.001996
3.180428,49.961417
3.258307,49.736674
8.9576571,41.6594788
9.0073673,41.9072648
8.8886672,41.9239407
9.1234795,41.4977884
9.085127,41.912784
9.3183969,41.6803839
9.093753,41.69611
9.0460525,41.4940122
9.063443,41.697037
9.123091,41.941579
9.290584,42.236787
9.358984,42.3568827
9.359761,42.142567
9.2841023,42.4824128
9.0349977,42.6045608
9.2702429,42.417776
9.352623,42.423175
9.4033907,42.3824976
8.8528164,42.5459057
9.409227,42.497159
9.40895,42.369893
9.356193,42.373092
9.383068,42.344102
9.186111,42.257542
9.163671,42.424259
9.40169,42.503693
9.4256031,42.4196617
9.2951916,42.2864141
9.336867,41.985678
9.415067,42.32738
3.469535,50.015871
3.757528,49.778871
3.677854,50.041709
3.666558,49.894022
3.809264,49.808807
3.916777,49.973507
3.615772,49.768861
3.82065,49.817111
3.328146,49.578671
3.133769,49.525775
3.3236659,49.52051
3.369922,49.554212
3.075243,49.332182
3.1949869,49.610955
3.279286,49.413787
3.51557,49.435899
3.619225,49.306851
3.284204,48.975331
3.636174,49.200512
3.571759,49.338172
3.239128,48.980281
3.174996,49.225059
3.158346,49.2584919
3.465326,48.861669
3.653484,49.358969
3.3295235,49.2717869
3.583218,49.386561
3.5571064,49.0876909
3.170297,49.192818
3.2674059,48.9940209
3.40942,46.636652
3.591613,46.379331
3.895013,46.411714
2.785777,46.228904
2.697613,46.357275
2.607516,46.3950249
2.5224056,46.2675917
2.9278559,46.385191
3.162598,46.185442
3.146366,46.244924
2.585642,46.656228
3.367207,46.288912
2.693332,46.65982
3.0215679,46.493415
3.726155,46.156937
3.519126,46.179184
3.733471,46.192954
3.752052,46.021983
3.462938,46.11033
3.567779,46.163684
3.705745,46.0622339
3.343529,46.226141
6.010444,44.093663
6.2057449,44.1080239
6.1686077,44.1904602
6.5249759,44.0333766
6.341844,43.7794979
6.2269763,44.2014706
6.891321,43.915457
6.1420947,44.0166753
6.0996978,43.7716207
6.442807,44.219812
6.151275,43.758877
6.924309,43.912546
6.7601057,43.9057939
6.745126,44.458205
5.8981329,44.065767
6.5143087,44.4211216
5.85121,44.0366885
5.609483,44.012154
6.256766,44.3854029
6.751375,44.514744
6.628415,44.392471
6.624412,44.360683
5.728118,44.492866
6.052818,44.487446
5.903086,44.4535259
5.627632,44.315862
5.630384,44.564575
5.821642,44.315272
5.7563151,44.306428
6.246716,44.477908
5.894703,44.735762
5.669085,44.28524
5.714984,44.428499
6.0838065,44.7027831
6.571937,44.723688
6.471383,44.533744
6.6343,44.676128
6.53768,44.75439
6.195285,44.816903
6.2689163,45.0712875
6.5524429,44.9336451
6.314773,44.47819
6.4071141,44.9138562
6.077735,44.68277
6.577318,44.648111
6.029447,44.7807869
6.58541,44.841131
6.404982,44.525913
7.363533,43.8481049
7.329189,43.83064
7.296411,43.808771
7.143193,43.882247
7.2005806,44.1158289
6.796198,44.120108
6.9101806,43.7445256
6.980777,43.678847
6.989375,43.701483
7.0390904,43.6794211
6.726625,43.848478
6.905912,43.883316
4.597828,44.554554
4.42765,44.821032
4.304217,44.836149
4.7454796,44.8623235
4.4542311,44.7311388
4.399778,44.920189
4.2976756,44.9379885
4.599054,44.92539
4.536403,44.800906
4.612811,44.303144
4.6553679,44.6341014
4.590617,44.848807
4.602499,44.838279
4.546028,44.716549
4.682416,45.036708
4.650254,45.054733
4.800669,45.276355
4.7665242,44.947403
4.728456,45.31718
4.687977,44.9874129
4.8627618,44.9293497
4.78347,45.296841
4.663341,45.141626
4.628349,44.9605109
4.750881,44.991366
4.832137,45.067915
4.34121,44.598807
4.358448,44.717144
4.233698,44.361273
4.168424,44.537683
4.2025859,44.3882517
4.303194,44.725098
4.307094,44.448413
4.06174,44.821163
4.116525,44.6653949
4.358411,44.630776
4.498617,44.607301
4.2260669,44.790306
4.2897563,44.4368689
4.2705719,44.623402
4.1846569,44.443117
4.531833,44.633149
4.100217,44.4862012
4.201569,44.628776
4.383416,44.6424049
4.166734,44.7700516
4.324766,44.539879
4.669616,49.594225
4.235745,49.77659
4.401253,49.818745
4.398048,49.644411
4.294719,49.583581
4.125681,49.425101
4.324619,49.596633
4.375665,49.347955
4.613402,49.610436
4.3481849,49.9066268
4.349692,49.449638
4.187073,49.691056
4.563352,49.576218
4.7473426,49.8550592
4.612932,49.810805
4.706894,50.010613
4.608956,49.765936
5.005436,49.3954949
4.900276,49.369503
4.8264294,49.4631462
4.867627,49.599937
4.913349,49.711489
4.931267,49.434442
4.8660867,49.5533029
5.230845,49.649907
5.351638,49.6142619
4.775089,49.346355
5.175407,49.611759
4.873573,49.492793
4.848586,49.679703
0.943188,42.881053
2.068208,42.7178169
0.9916274,42.8497616
1.536365,42.945721
1.685788,42.8416735
1.5024869,42.756804
1.779163,42.959714
1.685479,42.784916
1.7782267,42.5911112
1.6420699,42.934827
1.80453,42.938302
1.877927,42.787211
1.67232,43.046182
0.893715,42.930921
1.211393,42.892649
1.2457898,42.9203442
0.984515,42.937877
1.1451,42.908083
1.3138,43.165075
1.085993,43.029161
1.1905094,42.9622833
1.498687,43.187695
1.3773899,42.976431
1.106008,43.10757
1.71157,43.142973
0.996473,43.040512
1.934238,43.050218
1.16936,43.070003
1.1017334,43.0190638
1.685788,43.2300996
1.643853,43.187903
1.2838449,43.099626
1.0192779,43.02783
1.17502,43.124845
1.502726,43.135325
4.722212,48.192523
4.617051,48.171304
4.471357,48.48362
4.749351,48.314183
4.261334,48.525552
4.471774,48.073293
4.489383,48.442716
4.784199,48.347988
4.236373,48.629426
4.3541382,48.4065194
4.2426421,47.9724147
4.067128,47.957713
4.053052,48.058158
4.062627,48.147349
4.305513,48.230164
3.777497,48.256061
4.197752,48.033338
4.045998,48.195998
4.1870934,48.2130636
4.023662,48.5469549
3.588234,48.359639
4.004954,48.617568
3.590168,48.400998
3.611037,48.450119
3.612231,48.55007
3.791103,48.50413
3.96757,48.570848
3.5465438,48.5894206
2.5329259,43.232218
2.5018539,43.103692
2.4381339,43.271535
2.364764,43.185632
2.401463,43.269712
2.6540254,43.2511259
2.440843,43.252636
2.767515,43.2481409
2.993381,43.122939
2.849929,43.23023
2.567809,42.864168
2.729057,43.039532
2.9875565,42.9709056
2.927156,43.1910809
2.9076094,43.0506395
2.700743,43.084479
2.923437,43.242938
2.771258,43.104036
2.857399,43.250017
2.2485019,43.369617
1.836513,43.277882
2.127625,43.107099
1.885743,43.227369
2.339118,42.984695
2.0321189,42.954185
2.672035,44.554877
2.729431,44.737314
2.293665,44.596234
2.144583,44.544983
2.431974,44.2779669
2.334556,44.387444
2.16201,44.574106
2.297951,44.459621
2.29029,44.279177
2.0175242,44.541847
2.16112,44.424712
2.260088,44.481508
1.998179,44.26547
2.374943,44.566109
1.944132,44.4630251
1.967869,44.426704
2.218168,44.648908
2.779584,44.068664
2.512674,44.248896
3.088276,44.419161
2.6536742,43.8891153
2.834124,43.879171
2.548278,43.928009
2.887126,43.95819
2.69522,43.910148
3.058164,44.201611
5.565438,43.258996
5.622019,43.480621
4.804197,43.721723
4.7613926,43.7898566
4.6512779,43.859292
-0.510508,49.20975
-0.501961,49.180678
-0.332445,49.154862
-0.0323224,49.1120269
-0.2201229,48.9553469
0.370327,49.084835
-0.1777804,49.0664223
-0.4370161,49.0253441
0.0321618,48.9706758
-0.069616,49.07351
-0.337986,48.988288
0.404883,49.020823
-0.3259889,48.894887
-0.409146,48.874132
0.30729,48.986835
0.1662743,48.9453565
0.3558284,49.0306694
-0.005266,48.944222
0.051672,49.037396
-0.138935,48.895972
0.1878469,49.3882059
0.0270349,49.2182716
0.135576,49.317343
-0.0296624,49.1448914
0.075122,49.353976
-0.005287,49.192457
0.281816,49.121558
-0.0027073,49.2664018
-0.2008784,49.2788994
0.201011,49.259225
0.2690969,49.317513
0.281759,49.208552
0.0027098,49.291748
0.0596903,49.3094816
-0.005321,49.321744
-0.3420852,49.2380289
-1.041706,49.388696
-0.868193,49.162391
-0.970671,49.2603
-0.955636,49.340677
-0.5721995,49.2675232
-0.990932,49.251648
-0.7338544,49.1450987
-0.3664259,48.971723
-0.818185,48.910112
-0.482202,48.956769
-0.120001,49.089332
-0.913946,48.872476
-0.574824,49.031188
-0.672038,48.954263
-0.405797,49.1163751
-0.245941,49.138679
-0.804034,49.043718
-0.714369,48.880617
-0.531648,49.045172
-1.0378369,48.935559
-0.9144332,48.7858428
-0.5358531,49.0855242
2.254066,44.782781
2.346337,44.959941
2.387121,45.02017
2.436853,44.7806799
2.511375,45.01568
2.6582071,45.0718526
2.288687,45.010042
2.543657,44.823121
2.518858,44.8920249
2.314836,44.815171
2.317286,45.173729
2.513669,45.456484
2.598165,45.4015161
2.8832049,45.153075
3.336111,45.103955
2.758209,45.341236
2.941487,44.871445
3.085798,44.902126
3.007473,45.1431479
3.242685,45.177517
3.209985,45.112846
2.500301,45.297499
3.013077,44.996504
2.8923417,45.0101337
3.223658,45.001378
3.094862,45.033026
2.704675,45.224524
3.2086389,44.890495
2.532284,45.203847
3.204983,45.034819
2.520107,45.33929
0.033619,45.476616
0.3093473,45.4729359
0.147709,45.241
0.1465556,45.3415493
0.005577,45.314951
0.039542,45.272855
0.037136,45.508027
0.012291,45.445943
0.116417,45.239642
0.250372,45.500368
0.1309809,45.396234
0.001575,45.24583
0.0285704,45.5912616
0.0448,45.4599339
0.057002,45.373093
0.148406,45.275356
-0.005773,45.273863
-0.155689,45.471894
-0.074571,45.393005
-0.1985942,45.3273811
-0.314267,45.673944
-0.011657,45.346286
-0.356736,45.744433
-0.094085,45.6439049
-0.412077,45.713888
0.009264,45.373591
-0.1358379,45.511453
-0.266978,45.570807
-0.060321,45.64475
0.209388,45.774063
-0.0913717,45.8516726
0.20002,45.818193
-0.000671,45.638786
0.449541,45.824163
0.08938,45.832514
0.001609,45.711618
0.004934,45.669547
0.207285,46.076059
0.462943,45.861843
0.174243,45.8487859
-0.016081,45.866673
0.0096674,46.027718
0.5916408,45.9119502
0.002907,45.745244
0.848032,46.003783
0.449877,46.003728
0.317816,45.834069
-0.009072,45.952562
0.259251,45.7423295
0.1674792,45.6809531
0.427519,45.735561
0.532523,45.748242
-1.5034101,46.2519484
-0.950194,46.204729
-1.110261,46.1038659
-0.806159,46.298964
-0.4807952,45.9933619
-0.346393,46.019992
-0.409941,45.835578
-0.6341051,46.0641059
-0.635927,45.789718
-0.47265,45.953168
-0.354751,45.829199
-0.507362,45.753347
-0.521889,45.986302
-0.623778,45.998752
-0.504235,45.73913
-0.859928,45.552719
-0.762101,45.493701
-0.8153862,45.512867
-0.426956,45.6071529
-0.289744,45.311355
-0.298334,45.322224
-0.255058,45.245869
-0.1849889,45.243737
-0.352417,45.325017
-0.251139,45.269227
-0.277086,45.2828779
-0.504005,45.493714
-0.356109,45.39602
-0.503662,45.695905
-0.409066,45.359704
-1.147392,45.847459
-1.252994,45.91142
-0.895166,45.638397
-1.238474,45.861295
-1.0694417,45.9417813
-0.888342,45.77182
-0.882448,45.849777
-1.038883,45.802295
2.84996,47.507221
2.743081,47.3048379
2.679338,47.383412
2.680923,47.238887
2.8161794,47.3946125
2.660753,47.426696
2.097372,47.02808
2.203366,47.226647
3.047373,46.906517
2.323528,46.786498
2.728228,47.161858
2.799871,46.966008
2.176182,46.750499
3.013609,47.067507
2.505604,46.7254859
2.299545,46.580243
1.669433,45.17409
1.802713,45.422121
1.723226,45.123826
1.838943,45.056084
1.851227,45.302055
1.837569,45.233356
1.831579,45.254927
1.654225,45.060939
2.217291,45.572521
1.9985911,44.9918942
2.042328,45.3585
1.880782,45.456016
2.111313,45.426564
2.331773,45.415943
2.460673,45.6466319
2.331767,45.612692
2.397055,45.483362
5.022149,47.34985
5.017257,47.406486
5.3632522,47.5868389
5.3738469,47.501728
5.347266,47.251479
5.4540187,47.5653094
5.2881539,47.206411
5.114004,47.241017
4.2533,47.566969
4.727876,47.727372
4.977138,47.663269
4.966458,47.663079
4.495491,47.864985
4.142285,47.276685
4.428043,47.336816
4.513785,47.944069
5.270327,47.558525
5.025618,47.669673
4.926594,47.825707
4.598537,47.6293239
4.836825,47.87961
4.760479,47.897386
5.216524,47.484031
4.313967,47.515656
4.357718,47.93349
4.3739578,47.6066244
4.669849,47.5639449
4.267377,47.611263
4.102647,47.42401
4.182292,47.329563
4.458096,47.426909
4.5413629,47.871046
4.7866799,47.432456
4.296004,47.639997
4.33234,47.490238
5.228869,47.534111
4.679166,47.311788
4.77778,47.817757
4.442341,47.190074
4.2348359,47.172054
4.488532,47.235738
4.84872,47.158113
5.095659,46.977472
4.9082252,47.0605015
4.503712,47.082656
4.8714579,47.1637429
5.066003,47.027015
5.244491,47.140385
4.630618,46.9516599
4.851313,47.084575
4.944588,47.103966
4.707633,46.950588
4.858379,47.2146649
4.529643,47.031101
4.781618,47.00151
-2.7427489,48.4811297
-2.028811,48.409222
-2.047327,48.454366
-2.364998,48.628222
-2.002882,48.554462
-2.0628264,48.5303102
-1.952353,48.510875
-2.2497539,48.4574969
-2.48642,48.173914
-2.321593,48.4085899
-2.756832,48.346781
-2.974099,48.243765
-3.427742,48.404337
-3.42079,48.461765
-3.074486,48.683896
-3.450567,48.607282
-3.186927,48.396647
-3.234546,48.620346
-3.339298,48.342548
-3.387608,48.387733
-3.375926,48.70484
-2.8359229,48.6291328
-3.002472,48.8435188
-3.191049,48.674678
-3.504444,48.718261
-2.869441,48.630508
-3.5034457,48.8193396
1.678519,46.240735
1.769626,46.310443
1.645234,46.0771
1.91504,46.139521
1.606812,45.974333
1.81487,46.118472
1.997675,45.931932
2.250629,45.992672
2.213945,46.348054
1.995882,45.785079
2.0991209,46.300458
2.440661,45.884308
2.4079959,45.897739
2.333671,46.108037
1.912694,45.841737
2.243445,45.899306
2.148895,46.043597
1.818085,45.897095
2.303305,45.972673
2.238824,46.240735
0.53955,45.083183
0.5522399,45.055325
0.555159,45.184299
0.6571439,45.183594
0.52778,45.145202
0.209315,45.076727
0.41004,45.142654
0.769334,44.770052
0.870889,44.631318
0.0793488,44.8832558
0.641737,44.788264
0.863005,44.695053
0.440907,44.941428
0.904572,44.844188
0.643175,44.897906
0.627106,44.74809
0.757838,44.724718
0.210809,44.844028
0.723119,44.894318
0.632776,44.837297
0.83197,44.7389579
0.679311,44.678589
0.724773,44.707707
0.3492489,44.91972
0.606207,44.9377408
0.108661,44.952081
0.586551,44.869081
0.104731,44.892603
0.453654,44.672928
0.057722,44.948863
0.758199,45.585655
0.308757,45.287923
0.580926,45.474371
0.731598,45.672954
0.393162,45.330534
0.384724,45.4131969
0.560354,45.570739
0.379684,45.484086
0.514774,45.391936
0.453407,45.4523579
0.29206,45.383997
1.2185729,45.400129
0.664369,45.592387
0.901783,45.49989
0.419262,45.247976
1.071472,45.3406
0.422267,45.224372
0.813431,45.191424
0.768949,45.180548
1.333955,44.855269
1.1400998,44.8027573
1.059784,45.2348519
0.972768,44.834995
1.239636,44.6991609
0.6452649,45.0495021
1.155497,45.146371
1.2269323,45.1148227
1.0298918,44.9300468
1.16138,45.064332
1.3953819,45.039381
0.9779918,45.0472581
0.807778,44.947288
0.647114,45.014362
1.321884,44.974739
1.100427,45.2337909
1.305566,45.12756
5.9503115,47.2016939
5.860523,47.059314
5.906259,47.257067
5.9820051,47.0655775
5.800749,47.226563
5.956901,47.093656
5.955229,47.059299
5.9916908,47.2754814
5.8526999,47.076915
5.828206,47.16418
6.202444,47.064616
6.230205,47.076262
6.13688,47.157308
6.1592138,47.2224823
6.2347207,47.2110469
6.112188,47.27626
6.1044314,47.1153027
6.1512768,47.2792808
6.565698,47.443668
6.711612,47.248062
6.696937,47.526463
6.471426,47.425204
6.89336,47.303421
6.737988,47.3188559
6.3062889,47.481439
6.744545,47.263475
6.3746539,47.442672
6.645913,47.442008
6.775838,47.5011439
6.679775,47.316752
6.839993,47.375569
6.713482,47.374995
6.365812,47.220044
6.132854,46.679694
6.371283,47.163727
6.3117558,46.7654161
6.5560578,47.0952085
6.159486,46.856048
6.5657332,47.0116005
6.287205,47.047998
6.681598,47.156147
6.651813,47.226134
6.321443,47.227334
6.4155518,46.9859641
6.033457,47.048983
6.2217414,46.7582102
6.278354,47.020235
6.724593,47.217277
6.21639,46.725444
6.345523,47.147594
6.546216,47.1540589
6.449932,46.896745
6.276806,47.200774
4.9841369,45.049243
4.8028237,44.667851
4.751462,44.486136
4.8624355,44.5127866
5.2996316,44.9332633
5.1996969,44.4070419
5.2162283,44.7971092
5.0546643,44.5843031
4.9922474,44.662079
5.418704,44.350293
5.5774419,44.526644
5.452401,44.6151
5.449908,44.359831
5.452114,44.446264
5.3991907,44.6529488
5.0494602,44.48587
5.408697,44.779144
5.340542,45.048044
5.351997,44.336455
5.5407299,44.7350987
5.593239,44.5920524
5.032411,44.767777
4.939927,45.014992
4.943662,45.118386
5.110871,45.199035
0.979577,48.742134
1.355944,48.952926
0.912938,48.836211
1.1180745,48.8393649
0.964676,48.83235
0.8053231,48.7665545
1.202189,48.774187
1.0427019,48.8702626
0.984323,48.8903109
1.362924,48.933767
1.1151747,48.9048325
0.880374,49.135512
1.039231,48.991371
1.1661999,49.112155
0.7429939,48.8675434
0.9302157,49.1032401
0.837483,49.1617729
0.899873,49.161755
0.47716,49.157376
0.487712,49.127206
0.552243,49.083705
0.474635,49.045643
0.3922939,49.415164
0.510459,49.14927
0.642209,48.980867
0.625472,48.948907
0.527133,49.046655
0.363688,49.29961
0.879407,49.364002
0.5289779,49.182597
0.414566,49.152488
0.445313,49.221983
0.51648,48.952436
0.5604308,49.2270479
0.445731,49.377142
0.4186073,49.2479099
0.516661,49.073363
0.514088,49.332944
0.757279,49.301127
0.443849,49.336388
1.245227,49.160655
1.279069,49.095971
0.766955,49.295664
0.832252,49.255443
0.923607,49.2895759
0.786572,49.256138
1.2184522,49.267598
1.307555,49.386252
1.645743,49.280223
1.371617,49.286796
1.589699,49.327433
1.568777,49.209036
1.56093,49.136429
1.603219,49.2365039
1.478224,49.425178
1.658464,49.396423
1.4070647,49.3618525
1.56189,49.331147
1.444709,49.13199
1.441127,49.350028
1.6497911,48.5219415
1.4704005,48.539377
1.588198,48.744722
1.5596101,48.4731874
1.499582,48.42095
1.51435,48.601821
1.472505,48.622424
1.75893,48.516677
1.477625,48.384458
1.1057437,48.6636781
1.047983,48.712882
1.50169,48.729506
1.377961,48.674302
1.486409,48.840504
1.2989854,48.6015173
1.2536858,48.5619545
1.379269,48.600221
0.8911779,48.3081107
1.245351,48.299427
1.4317936,48.3151252
1.15587,48.46878
1.203973,48.346388
0.826337,48.196253
1.2079089,48.39159
1.8207521,48.1951277
1.905915,48.332042
1.653818,48.296556
1.151217,48.048492
1.657074,48.491844
1.650976,48.096322
1.814087,48.424731
1.273917,48.250449
1.746271,48.33847
1.470426,48.040648
1.9396616,48.1935968
1.514991,48.096212
-4.9594276,48.3945438
-4.650803,48.370149
-4.685987,48.50909
-4.597181,48.563464
-4.0151234,48.7474427
-3.715409,48.647003
-4.094744,48.4730909
-3.822184,48.640169
-3.790486,48.534814
-4.028166,48.18168
-5.0913948,48.4613624
-4.089647,48.254392
-4.284075,47.797213
-4.852559,48.0364107
-4.331726,47.8106024
-4.5012102,48.0221404
-3.532822,47.898795
4.610861,43.692762
4.173218,43.721683
4.5633169,43.827226
4.3616516,43.998727
4.505047,44.2983339
4.77358,43.954465
4.624466,44.196052
4.4284985,43.9438328
4.793843,44.024696
4.52405,43.9670879
4.795053,43.9813848
4.031123,44.367913
4.248717,44.0124834
4.3051542,43.9866009
4.174376,44.114917
4.121687,44.275037
4.200109,44.277093
4.3462373,43.9279443
4.184445,44.05888
4.100217,44.1839866
4.1769749,43.7386318
3.98286,43.862826
4.130569,44.021848
3.9521382,43.9850641
4.194621,43.907843
4.096884,43.829514
3.80821,43.956514
3.383538,44.130809
4.0235718,43.9445022
4.132482,44.005134
4.114183,44.020732
4.0439995,43.886616
3.866983,44.035409
3.865408,44.069468
4.050101,44.116013
3.4700327,44.1099862
3.9929453,44.1166694
1.5305465,43.6944532
1.575329,43.610642
1.5450766,43.5839204
1.649457,43.631062
1.661467,43.6567099
1.429713,43.669074
1.1139159,43.671755
1.295412,43.769894
1.232922,43.738676
1.16307,43.794524
1.22403,43.696315
1.400246,43.749805
1.272105,43.576698
1.169554,43.638642
1.261595,43.396206
1.194134,43.667238
1.2231071,43.4301637
1.779965,43.551917
1.78434,43.366833
1.456009,43.311546
1.314108,43.206465
1.5838477,43.4872445
1.1771609,43.321133
1.39144,43.482427
1.674486,43.415173
1.758142,43.439793
1.688438,43.477046
1.430248,43.433266
1.37877,43.468815
0.553832,42.816479
0.645481,43.290551
0.523021,42.851062
0.943599,43.347428
0.6441101,42.9058213
0.626175,43.097844
1.027916,43.111857
0.895048,43.31376
0.906272,43.1650522
1.162571,43.299659
0.703254,43.185701
0.608684,43.195239
0.553279,43.110665
0.658508,42.913715
0.924942,43.38638
0.973493,43.132754
0.9510103,43.3182831
0.852006,43.272947
0.736823,43.228302
0.8356789,43.12784
0.6678177,43.0272639
-0.2032239,43.61738
0.614222,43.582351
0.634631,43.4290062
-0.021895,43.638582
-0.10312,43.691032
0.005446,43.583092
0.578836,43.47238
0.258879,43.420664
0.393196,43.665959
0.418453,43.394138
0.65865,43.69401
0.645513,43.651524
0.6729929,43.3889939
0.213847,43.632343
0.84595,43.531244
0.617088,43.466184
-0.002889,43.602055
0.856418,43.562166
0.647243,43.344398
0.991631,43.438608
0.34294,43.477691
0.414886,43.428475
0.166391,43.64327
0.615305,43.527812
0.856655,43.456659
0.206007,43.559522
0.008766,43.739511
-0.010934,43.671004
-0.143068,43.596566
0.198008,43.40135
0.428025,43.834326
1.006544,43.644023
-0.001903,43.864044
0.457909,43.971674
-0.1635442,43.8719814
1.022628,43.5508499
0.652268,43.769928
0.555528,43.963461
0.683182,43.798312
0.275363,43.971471
0.406109,43.889276
0.91825,43.5949979
0.81055,43.912237
0.877138,43.730448
0.786175,43.5937399
0.800386,43.922039
0.873911,43.660624
0.9342973,43.739181
0.950324,43.666754
-0.490401,44.926494
-0.7307709,45.1144
-0.7717824,45.2648099
-0.74085,45.165884
-0.8523328,45.1275728
-0.834259,45.20349
-0.834964,45.250609
-0.654621,44.762324
-0.527753,44.68148
-0.791675,44.493639
-0.258759,44.379587
-0.382737,44.341902
-1.1929114,44.788171
-0.182137,44.42459
-0.9247501,44.5276259
-0.0880399,44.422564
-9e-05,44.55331
-0.474995,44.813113
0.028251,44.643523
-0.090259,44.584143
-0.020972,44.652404
-0.311523,44.769478
0.0606637,44.658341
-0.298356,44.628042
0.080319,44.649956
-6e-06,44.577901
-0.011344,44.515804
-0.222068,44.625264
0.000127,44.602837
0.069803,44.581154
0.05024,44.629352
-0.109151,44.522963
-0.007908,44.6911569
-0.0796449,44.831611
-0.0055189,44.791842
-0.00722,44.945547
-0.275265,44.991947
0.0403009,44.810622
-0.210858,44.955821
0.172358,44.792858
0.0093266,44.9159934
0.269992,44.785074
-0.3513021,44.9481426
-0.220872,44.846949
-0.001719,44.982675
0.260248,44.850529
-0.061889,44.879304
-0.112587,44.855253
-0.009977,44.953543
-0.600954,45.053984
-0.662941,45.126841
-0.55961,45.0391679
-0.030871,45.01555
-0.0328079,45.058714
-0.0327544,45.088673
-0.574804,45.327139
-0.4931146,45.0222586
0.015652,45.080446
-0.590613,45.3143109
-0.445526,45.139481
-0.001502,45.014104
-0.235659,44.990363
-0.627212,45.082775
4.0411979,43.649001
4.056482,43.76385
3.6116494,43.5710485
3.458618,43.643617
3.91426,43.794225
3.323006,43.802808
3.8146526,43.8324798
3.662613,43.848218
3.8400851,43.6834481
3.907849,43.771518
3.469279,43.6942049
3.877148,43.706165
3.94367,43.844566
3.7536663,43.7389449
2.704331,43.401639
3.0528175,43.4505694
3.012559,43.583897
2.702604,43.600461
3.119836,43.358381
2.956289,43.57123
3.14372,43.440076
3.178395,43.468139
2.760026,43.488222
2.879,43.56057
3.469423,43.525006
3.120009,43.618049
3.8553507,43.5247005
-1.824699,48.384064
-1.732642,48.177133
-2.1570999,48.127913
-2.100714,48.093523
-1.934594,47.700798
-1.6073059,47.895394
-1.6618139,48.042693
-1.6964971,48.0232286
-1.621031,47.766424
-1.522532,48.062347
-1.104964,48.443317
-1.252921,48.4149079
-1.5139609,48.3979
-1.243478,48.50879
-1.443316,48.463063
-1.5745829,48.1540099
-1.928174,48.562303
1.984975,46.795125
1.985663,46.878453
1.5692119,46.4381863
1.974037,46.979985
1.826077,46.6438739
2.070825,46.578689
1.956329,46.6393757
1.791637,47.152288
2.048633,46.789005
2.120648,46.677938
1.307976,46.386435
1.672736,47.0408929
1.41053,47.171337
1.408422,47.012054
1.185441,46.886178
0.747467,47.629472
0.858353,47.606906
0.949045,47.433241
0.907763,47.619012
0.729114,46.9401
0.811235,46.841478
0.698666,46.973539
1.0235479,47.203851
0.577942,46.978499
0.2899379,47.074257
0.139523,47.166838
0.5496299,47.645103
0.638748,47.437707
0.3010419,47.346203
0.70018,47.621374
5.8212356,45.254644
5.82529,45.04345
6.040608,45.13216
5.9805049,44.9837515
5.948315,44.902216
6.048316,45.068865
5.784528,44.906521
5.853595,44.941017
5.922917,44.832158
5.722856,44.874325
5.823581,44.934405
5.647752,44.80089
5.658628,44.982741
5.8075669,44.9109034
5.7597418,44.9249986
5.657713,44.915211
6.0584838,44.8955312
5.6826762,45.0905796
5.961494,45.399403
5.7358655,45.2589635
5.681538,45.233131
5.8479137,45.385173
5.27212,45.597108
5.161867,45.7462329
5.48869,45.728336
5.262841,45.68547
5.316665,45.735478
5.281693,45.777383
5.539128,45.626513
5.470497,45.650631
5.121362,45.326566
5.364936,45.472913
5.388687,45.493334
5.330033,45.515304
5.199601,45.513365
5.16013,45.588367
4.8723182,45.4498091
4.942789,45.467443
5.337927,45.121352
5.437719,45.146687
5.217543,45.175068
5.263078,45.1886129
5.661997,45.349814
5.332609,45.173446
5.3753077,45.2529856
5.414349,46.426201
5.390681,46.532454
5.632359,46.50744
5.462552,46.451805
5.583397,46.730337
5.356715,46.423059
5.453904,46.393967
5.398338,46.38328
5.844166,46.390384
5.9121108,46.3107378
5.734487,46.59255
5.960515,46.727773
6.0255013,46.6910991
6.03999,46.800891
6.034084,46.752512
5.988742,46.618319
5.8844533,46.5290752
6.0118732,46.5998013
5.976247,46.74363
6.068249,46.787626
5.9310784,46.3482473
5.989935,46.7778679
5.9563,46.575256
5.832488,46.571003
5.780276,46.923649
5.412015,46.950473
5.595192,47.015345
5.660615,47.128256
5.517643,47.261397
5.43422,47.106481
5.551039,47.146155
5.890033,46.89541
5.718902,47.021662
5.805962,47.12986
5.542414,47.255908
5.605165,47.125478
5.501651,47.205122
5.688813,47.0263149
5.420838,47.018831
5.963853,46.875935
5.328843,46.908763
5.461032,46.986934
5.7179688,46.9595741
5.61782,47.20497
-0.171965,43.976052
-1.218771,44.146454
-0.436727,43.875405
0.0279867,43.9341374
-0.322667,44.034137
-0.446748,43.941588
-1.151808,44.2243179
-1.272134,43.560632
-1.352633,43.559495
-0.976079,43.751789
-0.794137,43.587076
-0.5588787,43.794267
-0.9828043,43.555484
-0.653535,43.819967
-0.5419349,43.604236
-0.661686,43.740867
-0.909982,43.757308
-0.696974,43.710955
-0.332348,43.9358239
-0.859165,43.785101
1.333592,47.503067
1.739604,47.271558
1.670707,47.322178
1.747259,47.358657
1.604584,47.717956
1.838504,47.264418
1.771397,47.2934259
0.996344,47.850586
0.969623,47.939798
1.395045,47.772269
0.980138,48.095237
0.77636,47.71508
0.935233,47.932304
1.146802,48.012392
1.016138,47.689362
0.7274699,47.769883
4.648653,45.538708
4.667644,45.564118
4.581055,45.531365
4.600827,45.338024
4.2657432,45.384471
4.67193,45.388011
3.951977,45.863186
4.044755,46.151071
3.856233,46.1706239
3.85246,46.041158
4.072695,46.034432
3.963961,46.104173
3.9957514,45.9580388
4.036675,45.996257
4.2677189,45.937469
4.245787,46.152996
4.234262,46.0322
4.315248,45.826912
4.304816,45.708516
4.1193136,46.1018566
4.2620909,45.5264318
3.944175,45.7576947
4.083952,45.414696
3.793151,45.847988
3.934559,45.774078
4.036709,45.695243
4.0228622,45.3650194
4.150928,45.585927
4.055822,45.734519
4.041486,45.368219
4.2453004,45.4936827
3.940676,45.129157
4.087329,45.120662
3.994968,44.939996
3.882936,45.042768
4.261249,44.989744
4.313916,45.185631
3.95695,45.356344
3.897563,45.246989
3.964731,44.862728
3.883158,45.049396
3.48887,45.019521
3.884343,44.988309
3.9419415,44.8528106
3.424997,45.313457
3.913382,45.064373
3.53222,45.1230534
3.882018,44.769875
3.592572,45.027841
3.266567,45.275397
3.705352,44.8546989
3.887019,45.2958939
3.908139,45.143604
3.6293075,45.0825845
3.6193436,45.1250123
-1.6717693,47.1996412
-1.630217,47.124134
-1.605706,47.364384
-0.927792,47.401099
-1.20647,47.574534
-1.526117,47.340424
-1.279735,47.461595
-2.005884,47.457917
-1.5768403,46.9662416
-2.000229,47.063302
-1.583388,47.010128
-1.418828,47.124398
-1.5124455,47.055719
-1.2177119,47.231741
-1.490616,47.098237
1.804427,47.818596
1.938812,48.111483
2.184081,47.837697
2.474629,47.689653
2.370453,47.780927
2.768125,47.975346
2.601325,47.599519
2.8823059,47.612878
2.847381,47.947455
2.749521,47.745514
2.945569,48.124322
2.911356,47.580916
2.454061,47.937312
2.442961,47.988024
2.2463989,48.10787
2.274909,48.2617
2.655141,48.05057
2.661643,48.076389
2.661687,47.865461
2.444838,47.886679
1.242072,44.371828
1.35337,44.26764
1.226715,44.643517
1.538527,44.725855
1.4062079,44.359532
1.460808,44.817794
1.046279,44.455336
1.448552,44.605965
1.07365,44.5416839
1.188124,44.503852
1.2361706,44.283862
1.293207,44.538736
1.447891,44.297154
1.490494,44.745088
1.103575,44.43477
1.086064,44.4918989
2.158041,44.66641
2.069588,44.580702
1.643645,45.007558
1.876583,44.939573
2.118193,44.8341319
1.645017,44.997096
1.763529,44.400708
1.9734743,44.6225686
1.608582,44.936783
1.935156,44.793763
1.695138,44.806191
1.846529,44.7481
2.155853,44.774316
1.8562218,44.8308348
2.108368,44.621574
1.788936,44.5702349
1.7587496,44.9071662
0.6867939,44.2363663
0.831713,44.140124
0.392621,44.065488
0.2150873,44.1053354
0.554149,44.2370843
0.400712,44.246592
0.1013199,44.002751
0.781553,44.128533
0.298192,44.258058
0.294807,44.455146
0.432649,44.351888
0.1214235,44.2762591
0.002799,44.416556
-0.002039,44.481049
-0.0042119,44.236482
0.6666919,44.549824
0.667994,44.454776
0.5920027,44.2747947
0.525956,44.447054
0.879324,44.484626
0.668942,44.604587
0.852645,44.476237
0.934704,44.441851
0.817032,44.228588
0.871382,44.549705
3.61353,44.316113
3.7943157,44.1566238
3.616919,44.568301
3.984923,44.475285
3.918073,44.47204
3.477684,44.633379
3.502909,44.4821
3.47099,44.735952
3.740515,44.180407
3.603143,44.519224
3.8553507,44.1735444
3.932926,44.438581
3.3993751,44.2542933
3.3892894,44.8658422
3.2231727,44.5095537
3.2281983,44.8518099
3.3086778,44.849512
3.166401,44.813885
-0.508704,47.621004
-0.371744,47.400231
-0.84812,47.28643
-0.557016,47.4231539
-0.760094,47.150275
-0.320015,47.410026
-0.417403,47.400594
0.023646,47.293154
-0.149806,47.6273849
0.12125,47.461616
-0.225324,47.351177
-0.0609557,47.4294164
-0.108571,47.626011
-0.112487,47.084578
-0.461783,47.211549
-0.448862,47.356497
-0.212786,47.163955
-0.410854,47.355793
-0.1924719,47.302005
0.030207,47.1849629
-0.468829,47.1085629
-0.5989264,47.2224431
-0.6403759,46.999905
-0.897021,47.226909
-0.9745115,47.2442855
-1.179836,47.253639
-0.658269,47.457871
-1.255967,47.2840429
-0.672607,47.560618
-0.967733,47.679944
-0.610066,47.5289209
-0.883481,47.675403
-0.944761,47.451466
-1.195406,48.800761
-1.007306,49.16557
-1.183707,48.983797
-0.967485,48.7209239
-0.8644877,48.7510569
-1.4849877,48.71462
-0.957935,48.544428
-1.554165,48.773985
-1.511457,48.636063
-1.251796,48.649241
-1.308977,48.698364
-0.887102,48.675096
-1.202014,48.767671
-1.194247,48.756125
-1.259461,48.680737
-1.528862,48.847885
-1.3750309,48.96988
-1.299744,49.127327
-1.4365556,49.280308
-1.454736,49.0344539
-1.755905,49.382002
-1.4079569,49.563027
-1.353156,49.54434
-1.728666,49.364109
-1.289561,49.472447
-1.614285,49.508715
-1.840117,49.5584879
-1.5839283,49.3621093
-1.837699,49.634625
-1.5306979,49.6537999
-1.351331,49.645807
-1.6821972,49.6432256
-1.472375,49.609101
3.767398,49.31126
4.019842,49.198186
3.724228,49.307012
3.887553,49.212829
4.2401592,49.1963414
4.4171699,49.203817
4.0548683,49.385821
4.26252,49.325296
4.314368,49.112819
4.317746,49.298141
3.987645,49.270535
4.792683,48.913998
4.826577,49.072739
4.782663,48.977977
4.8667049,49.046355
4.901981,48.93707
4.715496,49.170243
4.869693,49.000457
4.905436,49.063636
3.787575,48.604109
4.588984,48.644897
4.3894479,48.7865289
4.752945,48.55509
4.5708206,48.6088721
4.767755,48.638589
4.749497,48.762045
4.641724,48.814268
4.7643882,48.6057326
4.40836,48.6091819
4.645208,48.628726
4.313634,48.738696
4.947388,48.715587
3.974861,48.8216961
4.7461869,48.8126992
3.9032077,48.8493287
4.0637026,48.9143777
3.4868648,48.6614792
3.659134,48.612894
3.947737,49.14247
3.712728,49.018537
3.610554,48.742708
3.692036,48.808274
3.645515,48.975507
3.59132,48.816481
3.645255,48.9301
3.679561,48.726909
3.808101,48.924571
3.921386,49.130598
3.700161,48.9508409
3.799019,49.083148
3.737764,49.107885
3.760102,48.633634
5.609157,48.093311
5.1909996,48.1074077
5.64295,48.1323239
5.5376106,47.7587883
5.352704,47.92129
5.3632873,47.6632976
5.601736,47.7813469
5.6079,48.240373
5.529886,47.8383615
5.3043543,47.9035194
5.718295,48.022548
4.8563919,47.982877
5.6445373,47.9766363
5.2252147,47.6943551
5.322698,47.754119
5.341363,48.026938
5.6611127,48.0304876
5.268376,47.8647149
5.198753,47.811617
5.664293,47.8119961
5.615594,47.752594
5.1151289,47.862125
5.05802,48.059444
5.6289301,47.8979862
5.5374323,47.9967537
5.0802238,47.6860496
4.977766,47.751157
5.320787,47.736234
5.298982,48.243861
5.0724253,48.5524324
5.082315,48.3089889
5.123184,48.485649
4.993075,48.471387
5.248325,48.359067
5.205401,48.323186
4.8225252,48.5681824
5.036164,48.584418
5.137096,48.343812
5.038388,48.337939
5.005165,48.513325
5.043485,48.4185779
4.8079409,48.365267
5.314363,48.352324
4.822363,48.656279
4.96283,48.455922
4.8652689,48.278532
4.848062,48.461278
5.2419874,48.2895554
5.412834,48.271353
5.184528,48.400578
5.021844,48.541292
-0.132843,48.420311
-0.459344,48.107679
-0.82895,48.069215
-0.159777,48.29471
-0.56938,48.060099
-0.433458,47.90515
-0.93627,47.795209
-0.983072,47.781264
-0.886521,48.0980739
-0.803783,47.923069
-0.454637,48.082776
-0.26172,48.098818
-0.629947,48.403812
-0.711071,48.451067
-0.335015,48.418047
-1.052486,48.315071
-0.495151,48.43639
-0.52056,48.466931
-0.2076629,48.543523
-0.665062,48.194477
-0.521453,48.383631
-0.7127869,48.185913
6.255781,48.74036
6.805912,48.643855
6.736409,48.582669
6.945352,48.581217
6.810954,48.633123
6.73643,48.659898
6.754697,48.568059
6.129853,48.532124
5.815488,48.663052
6.038076,48.372698
5.861968,49.010921
5.805823,48.709034
5.9030926,48.8955052
5.799429,48.841015
6.248309,48.498346
5.8654639,48.9539097
5.804747,49.128986
5.954137,49.196841
5.735861,49.324076
5.766544,49.410246
5.684986,49.533752
5.705769,49.396748
5.846826,49.303737
5.924481,49.347361
5.019445,48.634951
5.58567,48.549771
5.2261899,48.9736562
5.7174047,48.8139993
5.358401,48.505655
5.3867514,48.6838516
5.491711,48.764482
5.080731,48.610253
5.3783009,48.7647926
5.521809,48.562968
5.4217972,48.7426069
5.1186477,48.7766154
5.654552,48.800289
5.6945154,48.7899183
5.1704036,48.8650549
5.2737051,48.9714941
5.2841757,48.7647013
5.693492,48.527073
5.2234517,48.7971079
5.7557011,48.943392
4.9782693,48.8886461
5.2519353,48.8866052
5.1914012,48.9145914
5.452628,48.6857832
5.0533412,48.9762997
5.464385,49.003701
5.6202107,48.9298564
5.0819179,48.8034332
5.704032,48.981091
5.623119,48.6725552
5.5519729,49.1965693
5.655716,49.41265
5.594419,49.09616
5.7064267,49.1788848
5.427854,49.308053
5.4357165,49.222412
5.349755,49.363646
5.608068,49.2344911
5.476885,49.276949
5.659873,49.040324
5.3269951,49.0955817
5.2415999,49.0893575
5.3891279,49.2957426
5.1326599,49.271791
5.496524,49.162273
5.2572579,49.1089134
5.4655827,49.2514841
5.683704,49.377203
5.652408,49.070023
5.577618,49.395718
5.668837,49.027213
5.64772,49.318291
5.3844231,49.1598764
5.232433,49.3293279
-2.8460728,47.5930844
-2.803039,47.587837
-2.9666011,47.3887003
-2.947753,47.640443
-3.2426145,47.6884743
-2.950358,47.703625
-3.063957,47.982895
-2.686264,48.061368
-2.765675,47.757878
-2.42314,47.866155
-2.319116,47.794405
-2.253028,47.745117
-3.383736,47.855299
-3.487062,47.795017
-3.2605932,47.8459666
-3.363616,48.065035
-3.40324,47.834304
-3.128721,48.163753
-3.339311,48.099683
6.1371111,49.1364797
6.0310759,49.2131681
6.154795,49.059828
6.3006209,48.939603
6.0806319,49.093517
6.2875981,49.1215655
6.304382,49.159618
6.8896717,48.8053425
6.578394,48.859778
6.822497,48.859549
6.78375,48.890215
6.7762146,48.6658101
7.114962,48.690375
7.118223,48.671854
7.0921421,48.5561519
6.698003,48.825606
7.317125,49.113052
6.929866,49.05323
7.176216,49.08334
7.1314652,49.0807719
6.83239,49.068836
6.811347,49.146198
6.880032,49.0678709
6.524053,49.21863
6.6885235,49.2023387
6.370551,49.31811
6.556431,49.355312
6.626851,49.2603
6.446869,49.345073
6.271573,49.503019
6.2207015,49.3564633
3.302708,46.884031
3.184521,46.9510999
2.9252801,47.3824086
3.400277,47.402991
3.12201,47.37102
3.040808,47.081369
3.018014,47.177091
3.408323,47.32063
3.142549,47.321995
2.960286,47.412628
3.1486476,47.0443373
3.9487094,47.0536878
3.9244916,47.0569552
3.64631,47.257083
3.451234,47.288648
3.941937,46.861585
3.637614,47.357157
4.028968,46.957317
3.706521,46.90252
3.477603,47.0965909
3.676438,46.77023
4.024463,47.215987
4.153449,47.171737
3.94676,47.185201
4.095057,47.317677
3.841623,46.905344
3.568764,47.106619
3.837792,46.750878
3.1061307,50.6432671
3.0578844,50.6730953
3.0501517,50.6577208
2.9744234,50.7427942
3.286256,50.459349
3.0944676,50.4828762
3.2295065,50.6606852
3.216898,50.67452
2.9555349,50.612541
2.226442,50.894113
2.38515,50.883591
3.183684,50.4183783
3.28058,50.407869
3.1832653,50.361523
3.0504033,50.3547436
3.199481,50.038278
3.377422,50.100603
3.324239,50.047181
3.182959,50.138207
3.168697,50.19059
3.282236,50.12423
3.22003,50.19601
3.336967,50.069727
3.530884,50.330922
3.3527108,50.2922103
3.465765,50.369337
3.464055,50.503745
3.464499,50.468012
3.634798,50.43956
3.544235,50.103942
3.669177,50.246971
3.4143196,50.1795354
3.422919,50.192207
3.7502609,50.3044069
3.967899,50.127277
3.5901763,50.1433321
3.912196,50.101424
4.062038,50.177921
3.92034,50.170285
2.3835454,49.5289745
2.048282,49.649638
2.294158,49.47911
2.216634,49.694025
2.171642,49.5576859
2.140987,49.633972
2.520054,49.553107
2.6373859,49.491661
2.181536,49.5960589
1.982512,49.474679
2.060323,49.538953
2.0613989,49.5147762
1.757297,49.64147
1.742862,49.261058
1.825962,49.733966
1.98195,49.253685
1.859768,49.186882
1.992813,49.646115
2.214097,49.271203
2.0385589,49.6968699
1.726883,49.432377
1.742939,49.591807
1.73519,49.7264989
1.823987,49.3083389
2.3572082,49.214546
2.08913,49.302181
2.550662,49.229277
3.061496,49.154744
2.738352,49.13037
3.026408,49.109376
2.761931,49.15937
3.0899,49.385015
3.071599,49.456158
2.960928,49.645924
2.941008,49.638723
2.94603,49.544994
2.756399,49.552132
2.963432,49.573906
3.070209,49.6826999
3.073066,49.636107
2.922679,49.510356
0.07332,48.447784
-0.0031939,48.528857
-0.479408,48.533398
-0.004353,48.4451449
-0.756902,48.517684
-0.698306,48.48768
0.060859,48.601342
0.007839,48.568376
0.502293,48.86405
0.545182,48.740369
0.433945,48.525878
0.599399,48.689748
0.690608,48.264624
0.705008,48.483657
0.701167,48.330266
0.579228,48.750568
0.430744,48.716533
0.544476,48.381693
0.688632,48.752236
0.657245,48.779836
0.582473,48.788961
0.707898,48.714958
-0.498948,48.810846
-0.004614,48.8013
-0.6262489,48.7961669
0.005341,48.85906
-0.055522,48.63593
-0.196656,48.7645229
0.216802,48.747208
-0.007058,48.836113
-0.59771,48.785264
0.105997,48.7597
-0.541559,48.711247
0.1015111,48.8547887
0.024634,48.743955
0.006139,48.665503
-0.573512,48.7702529
0.076166,48.81921
-0.759988,48.784852
0.070151,48.753654
0.044935,48.812957
-0.143867,48.651273
2.889622,50.058064
3.022189,50.068586
2.852927,50.2321219
2.533915,50.216715
3.162989,50.230433
2.928936,50.3352
3.11085,50.143468
2.897393,50.296373
3.010921,50.221572
2.0806133,50.7283496
2.583311,50.350063
2.327224,50.432285
2.2791,50.382589
1.963005,50.739758
2.367371,50.315363
2.174846,50.374349
2.357221,50.376312
2.0789019,50.327782
2.163068,50.218069
1.591865,50.408188
1.769204,50.404276
1.993406,50.381063
2.320356,50.267353
2.306889,50.215029
1.748056,50.466809
1.933569,50.409115
1.768269,50.46816
1.873177,50.366643
2.096355,50.266238
2.083694,50.7698677
2.048639,50.8062449
2.1331889,50.587182
2.279401,50.608334
2.5949209,50.590739
2.5496908,50.4908813
2.627841,50.493831
2.558169,50.437022
2.757389,50.528941
2.7495577,50.5795875
2.650637,50.403284
3.260386,45.833657
3.359752,45.748509
2.89604,45.763793
2.567631,45.709772
2.8071871,45.5757677
3.126772,45.4031639
2.9012932,45.4978927
3.1044489,45.563451
2.598576,45.473529
2.8126841,45.424695
2.878647,45.393965
3.191629,45.686048
3.26206,45.404788
3.1730299,45.563023
3.0229839,45.4428883
2.940299,45.550421
3.416106,45.4332459
3.6303481,45.7419824
3.774146,45.439912
3.77057,45.451446
3.498766,45.550453
3.638149,45.632605
3.596309,45.994079
3.661352,45.71119
3.92255,45.500663
3.574384,45.560087
3.668717,45.398092
3.398256,45.926484
3.677756,45.827827
3.001308,45.909802
2.565488,45.852482
2.710363,46.039152
2.475389,45.852745
2.758633,45.841686
3.173777,45.958129
2.970152,46.089376
2.93358,45.995303
3.016822,46.056184
2.648968,45.913434
2.697844,46.1566479
2.876961,45.968939
-0.288182,43.200197
-0.3042778,43.1210077
-0.311895,43.289167
-0.008595,43.345518
-0.200506,43.1303539
-0.262552,43.176619
-0.260044,43.297615
-0.076637,43.454852
-0.9916274,43.4890793
-0.5778033,43.4678407
-0.1284404,43.4812593
-0.087378,43.472988
-0.083692,43.51399
-0.143569,43.472817
-0.064983,43.421836
-0.147899,43.421
-0.259945,43.440675
-1.0155385,43.3491097
-0.908053,43.095174
-0.87551,43.118597
-0.9295234,43.3015543
-0.6298922,43.1245316
-1.081283,43.312546
-0.60654,43.177251
-0.425365,43.091348
-0.924367,43.085354
-0.758866,43.11284
-0.848029,43.2659
-0.941821,43.398984
-1.0634024,43.4258339
-1.255944,43.429652
0.3983829,42.8192202
0.2901815,42.8926514
0.3277829,43.0675814
0.261351,43.091141
0.442355,43.101096
0.47971,43.247146
0.4360881,42.8483386
0.4408037,42.7165404
0.490444,43.310282
0.5305087,43.0619701
0.343452,43.219325
0.10872,43.124882
0.4596721,42.989412
0.6209209,42.972123
0.505885,43.08368
0.37036,43.320721
0.403153,42.833703
-0.215173,42.956415
0.002462,43.0748419
0.007162,43.137676
0.001222,43.1032
-0.001884,42.875101
0.006315,42.875145
-0.262938,43.010756
0.056258,43.051059
0.005453,43.122008
0.000504,43.053705
-0.001509,43.098672
-0.002869,42.873542
0.0233208,43.0437729
-0.012629,43.048681
-0.072387,42.993096
-0.119123,43.0290899
-0.085957,42.966671
0.013921,42.87648
0.084118,43.4308989
0.0007429,43.552293
0.0093266,43.2424776
0.089453,43.328606
-0.009933,43.285214
0.001119,43.377708
0.101499,43.475737
0.007478,43.478953
-0.006964,43.320095
-0.005523,43.4991709
3.009898,42.706091
2.872769,42.867998
3.0125674,42.7218551
2.991185,42.668676
2.919303,42.833829
2.9725563,42.7228976
1.9527728,42.4782459
2.1794136,42.5548128
2.161642,42.567272
2.0322172,42.5182933
2.073585,42.5772819
2.388698,42.65149
2.396174,42.609266
2.896853,42.6061369
2.837918,42.486153
2.807331,42.490082
2.88203,42.517596
2.74729,42.613904
2.920462,42.543448
7.668333,48.63491
7.5403774,48.6560109
7.625337,48.628485
7.417463,48.386157
7.589564,48.396245
7.436366,48.583563
7.238967,48.439179
7.19895,48.373981
7.4950451,48.593127
7.3107972,48.6179405
7.482779,48.824882
7.423842,48.659526
7.415059,48.669982
7.529615,48.814316
7.551306,48.882434
7.5394333,48.850516
7.410963,48.715095
7.146078,48.909048
7.351975,48.701879
7.4498049,48.6857561
7.530804,48.783034
7.523058,48.794037
7.910599,48.9015161
8.005058,48.915788
7.8782589,48.9772514
8.067211,48.928645
8.125239,48.9536919
7.919872,49.016177
7.988331,48.970391
8.054576,48.844189
7.7181748,48.8184188
7.3965041,48.0761566
7.555864,48.015865
7.48146,48.064499
7.032197,48.00285
7.282127,48.019718
7.13448,47.690184
7.1036099,47.8756922
7.246146,47.421278
7.211822,47.509536
7.378473,47.547766
7.207411,47.6663349
7.0545042,47.6309684
7.38911,47.957474
7.233262,47.936166
7.1565342,47.7285549
4.819896,45.868096
4.839664,45.842715
4.890297,45.82338
4.360311,46.1166193
4.3742791,45.9256056
4.737702,45.927856
4.669786,45.868312
4.64105,46.136803
4.543035,46.261988
4.6339202,46.0437252
4.424183,45.660901
4.675516,45.697648
4.805186,45.561285
4.5695131,45.5998816
5.003658,45.766821
4.8409146,45.6395505
5.584124,47.456876
5.7762402,47.3331491
5.677439,47.504936
5.932665,47.391689
5.96935,47.506682
5.508809,47.313277
5.424232,47.463696
5.513215,47.616728
5.576636,47.393771
5.59001,47.334137
5.861581,47.4595429
5.6790443,47.6530393
5.578346,47.578345
5.946019,47.4875479
5.547118,47.3771289
5.995979,47.508394
6.249357,47.708604
5.5941219,47.263455
5.660346,47.285841
5.866488,47.328608
5.737734,47.447553
5.8785109,47.5818299
5.587961,47.348133
5.826638,47.659585
5.701168,47.4197739
5.830704,47.430045
5.805851,47.562361
5.8634389,47.456694
6.3978976,47.7090804
6.509243,47.596789
6.179631,47.4194
6.50422,47.78584
6.685062,47.705239
6.658332,47.55859
5.972231,47.417358
6.583816,47.551685
6.7721,47.604175
6.7521989,47.8324091
6.1795289,47.404742
6.531237,47.793372
6.447295,47.58919
6.205227,47.446088
6.601882,47.674877
6.3755119,47.613028
6.1934441,47.4735652
6.526459,47.565545
6.6257012,47.800123
6.538549,47.540868
6.019789,47.335673
6.766077,47.549345
5.9770084,47.7713776
6.5643281,47.8681278
6.313454,47.692267
6.208623,47.815069
6.621581,47.8944199
6.383116,47.723501
5.7598185,47.7082923
6.36544,47.914586
6.197204,47.772001
6.5174519,47.819364
6.184093,47.738605
5.742013,47.734464
6.072133,47.882213
6.278611,47.695974
5.759906,47.814176
4.701625,46.338504
4.771984,46.332294
4.590596,46.2799679
4.537498,46.379809
4.55619,46.309817
4.7350844,46.254668
4.283864,46.287595
4.027739,46.297437
4.236375,46.414502
4.114202,46.586996
4.252881,46.211995
4.1763628,46.4353768
4.041919,46.274249
4.019515,46.2123289
4.1614302,46.4070465
4.311103,46.3575469
4.1295909,46.384181
3.879532,46.504376
4.178008,46.287815
4.126456,46.277023
4.144076,46.2361829
4.1080716,46.486007
4.2521449,46.216867
4.116048,46.3104299
4.262357,46.298707
4.023657,46.4310509
4.574028,46.868644
4.513435,46.991343
4.182593,47.012569
4.471323,47.009575
4.333597,46.756246
4.224101,46.652751
4.258399,46.525142
4.1196682,46.5289751
4.742663,46.78307
4.595862,46.718577
4.721637,46.833678
4.579618,46.706384
4.864859,46.844216
4.982807,46.905643
5.333314,46.732315
5.052576,46.59204
5.007883,46.7524019
5.327752,46.6673509
5.031388,46.8950869
5.260945,46.886679
5.068052,46.501971
4.862518,46.726182
5.318919,46.745296
5.2353889,46.658669
-0.009467,48.323639
-0.003344,48.099893
-0.0470833,48.2741866
-0.154397,48.189858
0.000103,48.156228
-0.116491,48.071519
0.419952,48.0482299
0.180731,47.802983
0.678885,47.798181
0.654659,47.762271
-0.057603,48.040375
0.06926,48.008515
-0.139162,47.966724
0.324734,48.404563
0.37138,48.264918
0.396727,48.174524
0.746096,48.078258
0.656665,48.172939
0.352943,48.368905
0.296003,48.19308
0.458937,48.272516
0.185308,48.037203
0.253864,48.3508319
6.1422489,45.737248
6.1743739,45.6898531
5.683066,45.609184
5.718698,45.70506
5.850335,45.704623
6.125691,45.701348
5.957843,45.580773
5.7557939,45.4653871
5.785167,45.677714
5.905503,45.648161
6.305742,45.586732
6.692988,45.4547979
6.311863,45.632671
6.4551745,45.4657999
6.674054,45.553292
6.336626,45.673453
6.566843,45.511935
6.213687,45.507066
6.3013671,45.2432666
6.277476,45.420271
6.073616,45.494582
6.282625,45.391679
6.166564,45.462783
6.2846,45.550539
6.4006047,45.2236306
6.3629915,45.336405
6.348243,45.409631
6.404084,45.255932
6.315686,45.366085
6.265621,45.392198
5.843986,45.56829
6.074804,45.458019
6.139093,45.944649
5.959078,46.035497
5.895131,46.0641
5.9056561,45.9445188
5.8507466,45.9592788
5.8905383,45.9381396
5.928316,45.927982
6.0213089,45.816842
6.037014,45.845004
6.363703,45.797007
6.1239605,45.8400311
6.018945,45.836905
6.60754,45.918047
6.6330857,45.8783335
6.3968109,46.000847
6.534832,46.0110249
6.613567,46.072713
6.223001,46.194109
6.319992,46.168183
6.144852,46.141043
6.36696,46.060761
5.961197,46.068077
6.426859,46.355143
6.530689,46.256606
6.37031,46.264451
6.8598269,46.0992829
6.696968,46.390727
1.186045,49.403731
1.2434019,49.367969
1.133715,49.341038
1.183726,49.467628
1.0392141,49.3758897
1.043877,49.636623
1.004673,49.563941
0.713459,49.571223
0.722477,49.555074
0.684792,49.4903199
0.499157,49.614464
0.6000762,49.5729511
0.391991,49.663342
0.266525,49.666665
0.1834909,49.561762
0.151772,49.617553
0.527281,49.801976
0.347454,49.6688479
0.6609699,49.696052
0.970831,49.652521
0.785035,49.780028
1.1196014,49.7214885
1.0131798,49.7377925
0.873591,49.762924
0.587754,49.813714
1.026777,49.70535
0.762103,49.839106
1.083015,49.632777
1.080581,49.606902
1.0764339,49.5466366
0.963637,49.704178
1.0920399,49.694566
0.712516,49.738996
0.954487,49.9054069
1.568073,49.827011
1.356694,49.519812
1.520412,49.812026
1.636005,49.69308
1.394544,49.459677
1.6579,49.532563
1.704036,49.570358
1.69723,49.460944
1.435865,49.5369839
1.441897,49.466749
1.628891,49.787645
1.721817,49.52165
1.666386,49.438913
1.363928,49.6442989
1.717378,49.422244
1.433439,49.653919
1.298282,49.638967
1.666641,49.6089119
2.565299,48.414053
2.532939,48.4605109
2.634831,48.515451
2.555278,48.475655
2.5242532,48.5361561
2.4764565,48.1392779
2.901267,48.237581
2.609734,48.142658
2.9024899,48.264973
2.984569,48.365207
3.0550069,48.408927
2.8475641,48.4086099
3.1924106,48.6800413
3.4163761,48.5983632
2.9311254,48.6769308
3.123497,48.4779709
3.38993,48.774747
3.4870317,48.6163102
2.9619549,48.7012492
3.3243473,48.7366017
3.336186,48.7784199
3.232405,48.792109
2.910674,48.857397
3.180747,49.002132
2.960435,48.8859009
2.838324,48.973767
2.97453,49.007185
3.1063957,49.0905608
2.748872,49.028359
2.736783,48.855923
2.716324,48.856193
2.7080427,48.8231099
2.8983199,48.6325984
2.880461,48.556606
3.016708,48.606468
2.6357442,48.6539418
2.9781166,48.5854426
2.797427,48.637206
2.6140964,48.7850292
1.984545,48.705142
2.1437247,48.9457728
1.895781,49.029753
1.880659,48.999663
1.815091,49.031709
1.710307,48.954607
1.545572,49.061039
1.908489,48.61237
1.675408,48.637529
1.836418,48.476502
1.796312,48.52863
1.928552,48.509194
1.875431,48.67022
0.0097844,46.3720662
-0.49924,46.125995
-0.131206,46.1226259
-0.061856,46.150816
-0.484659,46.2224835
-0.298512,46.3630629
-0.003982,46.163615
0.079686,46.156126
-0.000471,46.129402
-0.483511,46.155143
-0.01174,46.2289079
-0.125129,46.227615
-0.099795,46.385389
-0.579252,46.173421
-0.0695646,46.7962108
-0.379881,46.4819499
-0.4191288,46.4529601
-0.329659,46.474555
-0.540588,46.52379
-0.1690338,46.7767488
-0.378708,46.519666
-0.461501,46.4637079
-0.040797,46.9195769
-0.327675,46.878919
-0.654964,46.8599
-0.7654685,46.9391082
-0.5833123,46.9595998
-0.287286,46.90222
-0.248469,46.984616
-0.74355,46.9899
2.136139,49.966225
2.02821,50.035896
2.087215,49.969394
2.230429,49.8430449
1.740375,49.8954773
1.647017,50.012682
1.902921,49.846762
1.808375,49.8196465
2.019908,49.884034
1.789321,49.973069
1.464,50.0409099
1.4515975,50.0739136
1.947704,49.929587
2.2201615,50.0849198
1.745625,50.348669
1.775855,50.2122389
2.820634,49.84093
2.930645,49.876133
2.541796,50.104427
2.639027,49.907804
2.8021494,49.9080469
3.0114573,49.8823027
2.774436,49.874209
2.6971721,49.8541536
2.804068,50.026579
2.6987,50.0316509
2.755717,50.087688
3.051286,50.023461
2.474253,50.096048
3.065866,49.887285
2.712168,49.678607
2.216737,49.738665
2.045874,49.812323
2.7310469,49.66601
1.959006,49.734445
2.669254,49.723526
2.621301,49.649173
2.818104,49.77609
1.868043,49.729036
1.956665,49.765832
2.597702,49.871331
2.513987,49.742952
2.55226,49.749688
2.649251,49.678346
2.530193,49.6863529
2.754101,49.793495
1.935507,49.729287
2.295812,49.993811
2.072306,49.8208946
2.184489,49.791043
2.737585,49.746471
2.64132,49.62695
1.98463,49.775453
2.5605065,49.9648262
2.206718,49.970927
2.3073743,44.0109731
2.273688,43.9070419
1.96895,44.092532
1.951534,44.0631879
2.298707,44.050871
2.4394,44.037723
2.515322,43.965899
2.058771,44.110132
2.002836,44.0452484
2.3246274,44.0843397
1.83718,44.1384649
1.9979411,44.0881249
1.955008,44.030681
2.040467,43.864503
1.84437,44.031046
1.690561,44.0030519
2.1137746,43.9088897
1.84153,43.9896839
1.593002,43.911292
2.168616,43.8990719
2.497829,43.629676
2.44471,43.657587
2.6090043,43.6558146
2.45873,43.933172
2.2384274,43.783345
2.5956419,43.806628
2.2975183,43.8586277
1.853506,43.586758
2.066833,43.4383849
1.8275,43.641097
2.602844,43.623762
2.4950428,43.5671875
1.729496,43.6271879
2.203431,43.538343
1.733807,43.6952039
1.6867791,43.7712122
2.553381,43.474238
2.0901139,43.619358
1.716471,44.122389
1.317374,44.208321
1.9588007,44.1647796
1.3565692,44.1165168
1.5693045,44.170775
1.756144,44.151119
1.6055,44.145933
1.496137,43.901254
1.088491,44.008432
1.1448981,44.1758001
0.918838,44.1538449
1.1941949,44.084528
1.217281,44.0343159
0.912043,43.843826
1.065774,44.23044
0.919427,44.19647
0.89687,43.968614
0.953488,44.118428
6.0202827,43.127866
6.1344329,43.716163
6.4796528,43.1631138
6.7708138,43.4948227
6.8029489,43.5408028
6.70168,43.623491
5.776755,43.203551
5.7194522,43.3506098
6.293453,43.506653
5.908374,43.690787
5.883536,43.496495
5.8248352,43.0944835
4.910072,43.939025
5.4590379,43.836487
5.0407814,43.8366045
5.6561009,43.704393
5.3730176,43.950937
5.105963,43.935706
5.595226,43.813113
4.9247074,43.999642
5.075374,44.121467
5.408174,44.091413
5.09838,44.230821
-1.528842,46.823817
-1.450181,46.907392
-1.365329,46.584019
-1.722695,46.6829449
-1.342948,46.573784
-1.4886839,46.424169
-1.2233481,46.5338143
-1.426528,46.49132
-1.534317,46.504654
-1.713651,46.5650819
-1.618261,46.466102
-1.82988,46.6057
-2.3466244,46.7093529
-1.944529,46.697777
-0.8346849,46.8707074
-0.81767,46.59045
-0.682556,46.529682
-0.9336831,46.6329484
-1.219565,46.478464
-0.792044,46.342709
-0.983798,46.465235
-1.0229238,46.5839586
-0.981403,46.590806
-0.689006,46.349359
0.577808,46.756355
0.246918,46.685934
-0.002989,46.661168
0.114942,46.534792
0.235784,46.607899
0.335209,46.219149
0.725819,46.484017
1.153647,46.4014359
0.403719,46.374538
0.33468,46.107802
0.959051,46.333355
0.687238,46.281961
0.288249,46.116204
0.270516,46.151206
0.3666499,46.222581
-0.00481,46.493916
0.6235633,46.4856949
0.117938,46.944553
0.087575,46.971613
-0.057647,47.012832
0.604999,46.938193
0.222623,46.949915
0.178892,46.968814
0.001237,47.110946
0.000672,47.136323
1.2009793,45.7695048
1.009976,45.8318889
0.851961,45.705574
1.13185,45.5495019
1.2360549,45.698161
1.432171,45.749814
1.05828,46.319193
1.530103,46.02307
1.83591,45.771128
6.363322,48.285486
6.38394,48.143866
6.72217,48.397528
6.613351,48.308413
7.0138737,48.340111
7.0414031,48.1334365
6.8034995,48.2476844
6.785005,48.184652
7.068675,48.339652
6.663086,48.15993
7.053892,48.321331
6.6678879,48.17246
7.022021,48.429719
6.648568,48.2639769
7.002548,48.26938
6.980094,48.268977
6.828166,48.347421
6.6807508,48.0602789
6.7636092,48.0056345
6.055085,48.099075
5.709053,48.296407
5.7899429,48.2457922
5.876459,48.292782
6.019161,48.225585
5.78682,48.149873
6.121973,48.15717
6.233113,48.221261
5.701971,48.421202
5.734428,48.4040729
6.164469,48.36174
3.599861,47.738098
3.41953,47.547418
3.17585,47.610429
3.538462,47.821364
2.881205,47.745936
3.308338,47.821059
3.532801,47.804899
3.361105,47.834325
3.294073,47.586714
3.1830029,47.550894
3.1282009,47.939076
3.990409,47.538604
3.805036,48.020117
4.186635,47.597209
4.054264,47.425043
3.872049,47.951773
3.99272,47.760669
4.033145,47.681868
4.213706,47.729962
4.162667,47.9407629
3.968973,47.566571
4.074562,47.670479
4.121835,47.904297
3.911128,47.563547
3.598084,48.091158
3.1272998,48.3197599
3.028832,48.1726979
3.304223,48.110449
3.4102464,48.35838
3.051016,48.305472
3.514221,48.350932
3.28268,48.20065
6.9652213,47.5944317
7.076981,47.499072
6.908134,47.59272
6.916084,47.723999
6.7922545,47.6764911
7.0175474,47.7222978
6.900606,47.725518
6.880434,47.769125
6.86816,47.566574
2.3890377,48.5190139
2.380786,48.437362
1.9810253,48.3868025
2.378623,48.41717
2.380786,48.37227
2.355061,48.473095
2.457289,48.433029
2.475284,48.381548
2.373934,48.356927
2.3823331,48.4391427
2.1615803,48.5560351
2.1455482,48.6741256
2.559778,48.678501
2.285369,48.914155
2.2553567,48.9008079
2.557211,48.979952
-61.233555,15.880328
1.6335779,46.1224617
-61.50484,16.27611
-61.5345049,16.2372694
-3.356342,47.708392
NA,NA
0.9525753,46.1698765
-61.491835,16.205371
-61.3970196,16.3094874
-61.510884,16.342676
NA,NA
-61.5223628,16.4174735
-61.361818,16.244548
-61.292724,16.247637
-61.5829433,16.2390194
-61.56177,16.045922
-61.7846202,16.3053102
-61.574614,16.125716
-61.664189,16.2581445
-61.621971,16.204825
-61.7811656,16.2142402
-61.6976188,16.3324074
-61.731491,16.015785
-61.731651,15.997374
-61.7757895,16.1720599
NA,NA
-61.5805578,16.2516349
NA,NA
-63.0885104,18.0654556
NA,NA
-61.5824721,15.8639292
-61.637581,15.9816795
NA,NA
-61.7288089,16.0717745
-61.1199448,14.8679959
NA,NA
-61.003197,14.707518
NA,NA
-60.910437,14.760612
-61.044187,14.832121
-61.0281861,14.821666
NA,NA
-60.9932888,14.781491
-61.0379658,14.670394
-61.0935366,14.6097322
-61.1389247,14.6430009
-61.1435331,14.7304474
-61.1774164,14.731364
-61.135987,14.776563
-61.1443081,14.7075805
-61.215165,14.789779
-61.1762969,14.7440842
-61.1013239,14.6160586
-61.0804494,14.6250575
-61.0049298,14.5917077
-60.9656452,14.5824565
-61.047742,14.462472
-60.8776583,14.5919468
-60.8644509,14.4692975
-60.9381337,14.6772328
-61.084098,14.502216
-61.0494446,14.5588765
-60.8776583,14.5919468
-60.9024201,14.4863544
-60.981169,14.529283
-60.876596,14.442535
-60.9342535,14.4648925
-60.9358081,14.5619161
-52.329393,4.9407359
-52.526682,5.019906
NA,NA
NA,NA
NA,NA
NA,NA
NA,NA
-52.645794,5.158206
NA,NA
NA,NA
-52.3312398,4.8504712
NA,NA
NA,NA
NA,NA
NA,NA
-52.2782492,4.9192534
-52.327977,4.726679
NA,NA
-51.8013776,3.8886751
-54.032534,5.495732
NA,NA
-52.9459302,5.3522185
55.4472491,-20.8750344
55.330924,-20.95124
55.2918051,-20.9403743
55.259846,-21.118161
55.2975317,-20.9859131
55.4677846,-21.1488702
55.4777689,-21.2502813
55.3336789,-21.2437864
55.5220786,-21.2766218
55.334486,-21.267699
55.291527,-21.183965
55.406746,-21.28711
55.5660724,-21.3560234
55.825052,-21.183051
55.6198412,-21.3790814
55.727816,-21.369386
55.4819896,-21.3276269
55.679301,-20.998955
55.623974,-21.136736
55.6612502,-20.9611179
55.717758,-21.043695
55.528276,-20.967465
55.6073424,-20.9057411
NA,NA
NA,NA
NA,NA
NA,NA
-56.1773257,46.7631629
NA,NA
NA,NA
45.1501554,-12.9361186
NA,NA
45.2312521,-12.7788577
NA,NA
NA,NA
45.2329425,-12.7818102
NA,NA
NA,NA
NA,NA
NA,NA
NA,NA
NA,NA
